{
    "swagger": "2.0",
    "info": {
        "description": "This code is written by Nodirbek in third mont exam GOLANG",
        "title": "Welcome to User-Product service",
        "contact": {},
        "version": "1.0"
    },
    "paths": {
        "/v1/admin/{username}/{password}": {
            "get": {
                "description": "Access token",
                "consumes": [
                    "application/json"
                ],
                "produces": [
                    "application/json"
                ],
                "tags": [
                    "Admin"
                ],
                "summary": "Access token generator for admin",
                "parameters": [
                    {
                        "type": "string",
                        "description": "username",
                        "name": "username",
                        "in": "path",
                        "required": true
                    },
                    {
                        "type": "string",
                        "description": "password",
                        "name": "password",
                        "in": "path",
                        "required": true
                    }
                ],
                "responses": {
                    "200": {
                        "description": "OK",
                        "schema": {
                            "$ref": "#/definitions/model.LogInResponse"
                        }
                    },
                    "400": {
                        "description": "Bad Request",
                        "schema": {
                            "$ref": "#/definitions/model.ResponseError"
                        }
                    },
                    "500": {
                        "description": "Internal Server Error",
                        "schema": {
                            "$ref": "#/definitions/model.ResponseError"
                        }
                    }
                }
            }
        },
        "/v1/product/buy": {
            "post": {
                "security": [
                    {
                        "BearerAuth": []
                    }
                ],
                "description": "buy a product",
                "consumes": [
                    "application/json"
                ],
                "produces": [
                    "application/json"
                ],
                "tags": [
                    "Product"
                ],
                "summary": "buy a product",
                "parameters": [
                    {
                        "description": "Purchase a product",
                        "name": "PurchaseInfo",
                        "in": "body",
                        "required": true,
                        "schema": {
                            "$ref": "#/definitions/model.BuyItemRequest"
                        }
                    }
                ],
                "responses": {
                    "201": {
                        "description": "Created",
                        "schema": {
                            "$ref": "#/definitions/model.BuyItemResponse"
                        }
                    },
                    "400": {
                        "description": "Bad Request",
                        "schema": {
                            "type": "string"
                        }
                    },
                    "500": {
                        "description": "Internal Server Error",
                        "schema": {
                            "type": "string"
                        }
                    }
                }
            }
        },
        "/v1/product/create": {
            "post": {
                "security": [
                    {
                        "BearerAuth": []
                    }
                ],
                "description": "Insert a new product with provided details",
                "consumes": [
                    "application/json"
                ],
                "produces": [
                    "application/json"
                ],
                "tags": [
                    "Product"
                ],
                "summary": "create product",
                "parameters": [
                    {
                        "description": "Create product",
                        "name": "ProductDetails",
                        "in": "body",
                        "required": true,
                        "schema": {
                            "$ref": "#/definitions/model.Item"
                        }
                    }
                ],
                "responses": {
                    "201": {
                        "description": "Created",
                        "schema": {
                            "$ref": "#/definitions/model.Item"
                        }
                    },
                    "400": {
                        "description": "Bad Request",
                        "schema": {
                            "type": "string"
                        }
                    },
                    "500": {
                        "description": "Internal Server Error",
                        "schema": {
                            "type": "string"
                        }
                    }
                }
            }
        },
        "/v1/product/delete/{id}": {
            "delete": {
                "security": [
                    {
                        "BearerAuth": []
                    }
                ],
                "description": "Delete product",
                "consumes": [
                    "application/json"
                ],
                "produces": [
                    "application/json"
                ],
                "tags": [
                    "Product"
                ],
                "summary": "delete product",
                "parameters": [
                    {
                        "type": "string",
                        "description": "id",
                        "name": "id",
                        "in": "path",
                        "required": true
                    }
                ],
                "responses": {
                    "201": {
                        "description": "Created",
                        "schema": {
                            "$ref": "#/definitions/model.Status"
                        }
                    },
                    "400": {
                        "description": "Bad Request",
                        "schema": {
                            "type": "string"
                        }
                    },
                    "500": {
                        "description": "Internal Server Error",
                        "schema": {
                            "type": "string"
                        }
                    }
                }
            }
        },
        "/v1/product/get/{id}": {
            "get": {
                "security": [
                    {
                        "BearerAuth": []
                    }
                ],
                "description": "Get product",
                "consumes": [
                    "application/json"
                ],
                "produces": [
                    "application/json"
                ],
                "tags": [
                    "Product"
                ],
                "summary": "get product by id",
                "parameters": [
                    {
                        "type": "string",
                        "description": "Id",
                        "name": "id",
                        "in": "path",
                        "required": true
                    }
                ],
                "responses": {
                    "201": {
                        "description": "Created",
                        "schema": {
                            "$ref": "#/definitions/model.Item"
                        }
                    },
                    "400": {
                        "description": "Bad Request",
                        "schema": {
                            "type": "string"
                        }
                    },
                    "500": {
                        "description": "Internal Server Error",
                        "schema": {
                            "type": "string"
                        }
                    }
                }
            }
        },
        "/v1/product/update/{id}": {
            "put": {
                "security": [
                    {
                        "BearerAuth": []
                    }
                ],
                "description": "Update ptoduct",
                "consumes": [
                    "application/json"
                ],
                "produces": [
                    "application/json"
                ],
                "tags": [
                    "Product"
                ],
                "summary": "update product",
                "parameters": [
                    {
                        "type": "string",
                        "description": "id",
                        "name": "id",
                        "in": "path",
                        "required": true
                    },
                    {
                        "description": "Update Product",
                        "name": "UserInfo",
                        "in": "body",
                        "required": true,
                        "schema": {
                            "$ref": "#/definitions/model.Item"
                        }
                    }
                ],
                "responses": {
                    "201": {
                        "description": "Created",
                        "schema": {
                            "$ref": "#/definitions/model.Item"
                        }
                    },
                    "400": {
                        "description": "Bad Request",
                        "schema": {
                            "type": "string"
                        }
                    },
                    "500": {
                        "description": "Internal Server Error",
                        "schema": {
                            "type": "string"
                        }
                    }
                }
            }
        },
        "/v1/product/{page}/{limit}": {
            "get": {
                "security": [
                    {
                        "BearerAuth": []
                    }
                ],
                "description": "get all products",
                "consumes": [
                    "application/json"
                ],
                "produces": [
                    "application/json"
                ],
                "tags": [
                    "Product"
                ],
                "summary": "get all products",
                "parameters": [
                    {
                        "type": "string",
                        "description": "page",
                        "name": "page",
                        "in": "path",
                        "required": true
                    },
                    {
                        "type": "string",
                        "description": "limit",
                        "name": "limit",
                        "in": "path",
                        "required": true
                    }
                ],
                "responses": {
                    "201": {
                        "description": "Created",
                        "schema": {
                            "$ref": "#/definitions/model.ListItems"
                        }
                    },
                    "400": {
                        "description": "Bad Request",
                        "schema": {
                            "type": "string"
                        }
                    },
                    "500": {
                        "description": "Internal Server Error",
                        "schema": {
                            "type": "string"
                        }
                    }
                }
            }
        },
        "/v1/products/get/{id}": {
            "get": {
                "security": [
                    {
                        "BearerAuth": []
                    }
                ],
                "description": "get all purchased products by user id",
                "consumes": [
                    "application/json"
                ],
                "produces": [
                    "application/json"
                ],
                "tags": [
                    "Product"
                ],
                "summary": "get all purchased products by user id",
                "parameters": [
                    {
                        "type": "string",
                        "description": "id",
                        "name": "id",
                        "in": "path",
                        "required": true
                    }
                ],
                "responses": {
                    "201": {
                        "description": "Created",
                        "schema": {
                            "$ref": "#/definitions/model.BoughtItemsList"
                        }
                    },
                    "400": {
                        "description": "Bad Request",
                        "schema": {
                            "type": "string"
                        }
                    },
                    "500": {
                        "description": "Internal Server Error",
                        "schema": {
                            "type": "string"
                        }
                    }
                }
            }
        },
        "/v1/user/create": {
            "post": {
                "security": [
                    {
                        "BearerAuth": []
                    }
                ],
                "description": "Api for creating Users",
                "consumes": [
                    "application/json"
                ],
                "produces": [
                    "application/json"
                ],
                "tags": [
                    "User"
                ],
                "summary": "Create User",
                "parameters": [
                    {
                        "description": "user",
                        "name": "user",
                        "in": "body",
                        "required": true,
                        "schema": {
                            "$ref": "#/definitions/model.RegisterUserRequest"
                        }
                    }
                ],
                "responses": {
                    "200": {
                        "description": "OK",
                        "schema": {
                            "$ref": "#/definitions/model.UserModel"
                        }
                    },
                    "400": {
                        "description": "Bad Request",
                        "schema": {
                            "$ref": "#/definitions/model.ResponseError"
                        }
                    },
                    "500": {
                        "description": "Internal Server Error",
                        "schema": {
                            "$ref": "#/definitions/model.ResponseError"
                        }
                    }
                }
            }
        },
        "/v1/user/delete/{id}": {
            "delete": {
                "security": [
                    {
                        "BearerAuth": []
                    }
                ],
                "description": "Api for deleting Users",
                "consumes": [
                    "application/json"
                ],
                "produces": [
                    "application/json"
                ],
                "tags": [
                    "User"
                ],
                "summary": "Delete User",
                "parameters": [
                    {
                        "type": "string",
                        "description": "Id",
                        "name": "id",
                        "in": "path",
                        "required": true
                    }
                ],
                "responses": {
                    "200": {
                        "description": "OK",
                        "schema": {
                            "$ref": "#/definitions/model.RegisterUserResponse"
                        }
                    },
                    "400": {
                        "description": "Bad Request",
                        "schema": {
                            "$ref": "#/definitions/model.ResponseError"
                        }
                    },
                    "500": {
                        "description": "Internal Server Error",
                        "schema": {
                            "$ref": "#/definitions/model.ResponseError"
                        }
                    }
                }
            }
        },
        "/v1/user/getall/{page}/{limit}": {
            "get": {
                "security": [
                    {
                        "BearerAuth": []
                    }
                ],
                "description": "Api to get all Users",
                "consumes": [
                    "application/json"
                ],
                "produces": [
                    "application/json"
                ],
                "tags": [
                    "User"
                ],
                "summary": "Get All Users",
                "parameters": [
                    {
                        "type": "string",
                        "description": "page",
                        "name": "page",
                        "in": "path",
                        "required": true
                    },
                    {
                        "type": "string",
                        "description": "limit",
                        "name": "limit",
                        "in": "path",
                        "required": true
                    }
                ],
                "responses": {
                    "200": {
                        "description": "OK",
                        "schema": {
                            "$ref": "#/definitions/model.GetAllUserResponse"
                        }
                    },
                    "400": {
                        "description": "Bad Request",
                        "schema": {
                            "$ref": "#/definitions/model.ResponseError"
                        }
                    },
                    "500": {
                        "description": "Internal Server Error",
                        "schema": {
                            "$ref": "#/definitions/model.ResponseError"
                        }
                    }
                }
            }
        },
        "/v1/user/login/{email}/{password}": {
            "post": {
                "description": "Api for Logging in",
                "consumes": [
                    "application/json"
                ],
                "produces": [
                    "application/json"
                ],
                "tags": [
                    "User"
                ],
                "summary": "Log In User",
                "parameters": [
                    {
                        "type": "string",
                        "description": "Email",
                        "name": "email",
                        "in": "path",
                        "required": true
                    },
                    {
                        "type": "string",
                        "description": "Password",
                        "name": "password",
                        "in": "path",
                        "required": true
                    }
                ],
                "responses": {
                    "200": {
                        "description": "OK",
                        "schema": {
                            "$ref": "#/definitions/model.LogInResponse"
                        }
                    },
                    "400": {
                        "description": "Bad Request",
                        "schema": {
                            "$ref": "#/definitions/model.ResponseError"
                        }
                    },
                    "500": {
                        "description": "Internal Server Error",
                        "schema": {
                            "$ref": "#/definitions/model.ResponseError"
                        }
                    }
                }
            }
        },
        "/v1/user/register": {
            "post": {
                "description": "Api for Registering",
                "consumes": [
                    "application/json"
                ],
                "produces": [
                    "application/json"
                ],
                "tags": [
                    "User"
                ],
                "summary": "Register User",
                "parameters": [
                    {
                        "description": "user",
                        "name": "user",
                        "in": "body",
                        "required": true,
                        "schema": {
                            "$ref": "#/definitions/model.RegisterUserRequest"
                        }
                    }
                ],
                "responses": {
                    "200": {
                        "description": "OK",
                        "schema": {
                            "$ref": "#/definitions/model.RegisterUserResponse"
                        }
                    },
                    "400": {
                        "description": "Bad Request",
                        "schema": {
                            "$ref": "#/definitions/model.ResponseError"
                        }
                    },
                    "500": {
                        "description": "Internal Server Error",
                        "schema": {
                            "$ref": "#/definitions/model.ResponseError"
                        }
                    }
                }
            }
        },
        "/v1/user/update/{id}": {
            "post": {
                "security": [
                    {
                        "BearerAuth": []
                    }
                ],
                "description": "Api for updating Users",
                "consumes": [
                    "application/json"
                ],
                "produces": [
                    "application/json"
                ],
                "tags": [
                    "User"
                ],
                "summary": "Update User",
                "parameters": [
                    {
                        "type": "string",
                        "description": "Id",
                        "name": "id",
                        "in": "path",
                        "required": true
                    },
                    {
                        "description": "user",
                        "name": "user",
                        "in": "body",
                        "required": true,
                        "schema": {
                            "$ref": "#/definitions/model.RegisterUserRequest"
                        }
                    }
                ],
                "responses": {
                    "200": {
                        "description": "OK",
                        "schema": {
                            "$ref": "#/definitions/model.RegisterUserResponse"
                        }
                    },
                    "400": {
                        "description": "Bad Request",
                        "schema": {
                            "$ref": "#/definitions/model.ResponseError"
                        }
                    },
                    "500": {
                        "description": "Internal Server Error",
                        "schema": {
                            "$ref": "#/definitions/model.ResponseError"
                        }
                    }
                }
            }
        },
        "/v1/user/verify/{email}/{code}": {
            "post": {
                "description": "Verify a user with code sent to their email",
                "consumes": [
                    "application/json"
                ],
                "tags": [
                    "User"
                ],
                "summary": "verify user",
                "parameters": [
                    {
                        "type": "string",
                        "description": "email",
                        "name": "email",
                        "in": "path",
                        "required": true
                    },
                    {
                        "type": "string",
                        "description": "code",
                        "name": "code",
                        "in": "path",
                        "required": true
                    }
                ],
                "responses": {
                    "201": {
                        "description": "Created",
                        "schema": {
                            "$ref": "#/definitions/model.UserModel"
                        }
                    },
                    "400": {
                        "description": "Bad Request",
                        "schema": {
                            "type": "string"
                        }
                    }
                }
            }
        }
    },
    "definitions": {
        "model.BoughtItemsList": {
            "type": "object",
            "properties": {
                "products": {
                    "type": "array",
                    "items": {
                        "$ref": "#/definitions/model.Item"
                    }
                }
            }
        },
        "model.BuyItemRequest": {
            "type": "object",
            "properties": {
                "amount": {
                    "type": "integer"
                },
                "product_id": {
                    "type": "string"
                },
                "user_id": {
                    "type": "string"
                }
            }
        },
        "model.BuyItemResponse": {
            "type": "object",
            "properties": {
                "amount": {
                    "type": "integer"
                },
                "message": {
                    "type": "string"
                },
                "product_id": {
                    "type": "string"
                },
                "product_name": {
                    "type": "string"
                },
                "user_id": {
                    "type": "string"
                }
            }
        },
        "model.GetAllUserResponse": {
            "type": "object",
            "properties": {
                "count": {
                    "type": "integer"
                },
                "users": {
                    "type": "array",
                    "items": {
                        "$ref": "#/definitions/model.User"
                    }
                }
            }
        },
        "model.Item": {
            "type": "object",
            "properties": {
                "amount": {
                    "type": "integer"
                },
                "created_at": {
                    "type": "string"
                },
                "description": {
                    "type": "string"
                },
                "id": {
                    "type": "string"
                },
                "name": {
                    "type": "string"
                },
                "price": {
                    "type": "number"
                },
                "updated_at": {
                    "type": "string"
                }
            }
        },
        "model.ListItems": {
            "type": "object",
            "properties": {
                "count": {
                    "type": "integer"
                },
                "products": {
                    "type": "array",
                    "items": {
                        "$ref": "#/definitions/model.Item"
                    }
                }
            }
        },
        "model.LogInResponse": {
            "type": "object",
            "properties": {
                "access_token": {
                    "type": "string"
                },
                "message": {
                    "type": "string"
                }
            }
        },
        "model.RegisterUserRequest": {
            "type": "object",
            "properties": {
                "age": {
                    "type": "integer"
                },
                "code": {
                    "type": "string"
                },
                "email": {
                    "type": "string"
                },
                "name": {
                    "type": "string"
                },
                "password": {
                    "type": "string"
                },
                "username": {
                    "type": "string"
                }
            }
        },
        "model.RegisterUserResponse": {
            "type": "object",
            "properties": {
                "message": {
                    "type": "string"
                }
            }
        },
        "model.ResponseError": {
            "type": "object",
            "properties": {
                "code": {
                    "type": "string"
                },
                "error": {}
            }
        },
        "model.Status": {
            "type": "object",
            "properties": {
                "success": {
                    "type": "boolean"
                }
            }
        },
        "model.User": {
            "type": "object",
            "properties": {
                "age": {
                    "type": "integer"
                },
                "code": {
                    "type": "string"
                },
                "email": {
                    "type": "string"
                },
                "name": {
                    "type": "string"
                },
                "password": {
                    "type": "string"
                },
                "username": {
                    "type": "string"
                }
            }
        },
        "model.UserModel": {
            "type": "object",
            "properties": {
                "access_token": {
                    "type": "string"
                },
                "age": {
                    "type": "integer"
                },
                "code": {
                    "type": "string"
                },
                "email": {
                    "type": "string"
                },
                "id": {
                    "type": "string"
                },
                "name": {
                    "type": "string"
                },
                "password": {
                    "type": "string"
                },
                "username": {
                    "type": "string"
                }
            }
        }
    },
    "securityDefinitions": {
        "BearerAuth": {
            "type": "apiKey",
            "name": "Authorization",
            "in": "header"
        }
    }
}